goal,v,fraction_protected
biodiversity,0.5589628326717799,0.16182420007355647
carbon,1,0.16182420007355647
food,0.65808026834954,0.16182420007355647
