goal,v,fraction_protected
biodiversity,0.3443111113763665,0.17724794890149217
carbon,1,0.17724794890149217
food,0.3333346333725693,0.17724794890149217
