goal,v,fraction_protected
biodiversity,0.46681117206636125,0.22897196261682243
carbon,0.5572194794110105,0.22897196261682243
food,0.3333300339233469,0.22897196261682243
